phecode_category,endpoint,phecode_string,Age+Sex,Age+Sex+Retina,delta
Derm,phecode_679-3,Changes in skin texture,"0.596 (0.523, 0.667)","0.549 (0.486, 0.62)","-0.045 (-0.089, -0.002)"
Genitourinary,phecode_618-12,Rectocele,"0.463 (0.369, 0.554)","0.415 (0.323, 0.512)","-0.045 (-0.124, 0.037)"
Genitourinary,phecode_613-7,Other signs and symptoms in breast,"0.508 (0.446, 0.566)","0.467 (0.395, 0.535)","-0.041 (-0.128, 0.041)"
Musc/Skel,phecode_708-16,Primary osteoarthritis ankle and foot,"0.607 (0.554, 0.66)","0.567 (0.504, 0.627)","-0.041 (-0.081, 0.002)"
Musc/Skel,phecode_710,Acquired deformities of limbs,"0.598 (0.522, 0.682)","0.556 (0.485, 0.627)","-0.039 (-0.095, 0.016)"
Genitourinary,phecode_604-5,Balanoposthitis,"0.549 (0.473, 0.62)","0.512 (0.439, 0.591)","-0.038 (-0.094, 0.022)"
Resp,phecode_469,Bronchitis,"0.58 (0.55, 0.613)","0.543 (0.513, 0.575)","-0.037 (-0.062, -0.012)"
Genitourinary,phecode_603-2,Spermatocele,"0.583 (0.503, 0.652)","0.551 (0.476, 0.625)","-0.033 (-0.095, 0.036)"
Signs/Symptoms,phecode_805,Fever of unknown origin,"0.557 (0.512, 0.601)","0.527 (0.482, 0.575)","-0.03 (-0.067, 0.005)"
Musc/Skel,phecode_731,Symptoms involving musculoskeletal systems,"0.528 (0.49, 0.566)","0.497 (0.458, 0.541)","-0.03 (-0.078, 0.016)"
Resp,phecode_463-1,Chronic rhinitis,"0.545 (0.507, 0.582)","0.515 (0.477, 0.55)","-0.03 (-0.058, -0.003)"
Neoplasms,phecode_136-42,Benign neoplasm of rectum and anus,"0.58 (0.515, 0.638)","0.551 (0.481, 0.615)","-0.029 (-0.073, 0.013)"
Blood,phecode_177-2,Enlargement of lymph nodes [Lymphadenopathy],"0.582 (0.542, 0.624)","0.555 (0.507, 0.599)","-0.029 (-0.064, 0.008)"
Neuro,phecode_328,Dementias and cerebral degeneration,"0.793 (0.759, 0.827)","0.765 (0.732, 0.799)","-0.028 (-0.045, -0.011)"
Neoplasms,phecode_139-5,Lipoma,"0.539 (0.494, 0.581)","0.51 (0.468, 0.553)","-0.028 (-0.052, -0.001)"
Neoplasms,phecode_139,Benign sarcoma-related cancers,"0.544 (0.506, 0.578)","0.516 (0.474, 0.554)","-0.027 (-0.058, 0.005)"
Cardio,phecode_440-3,Pulmonary embolism,"0.62 (0.543, 0.692)","0.593 (0.519, 0.664)","-0.027 (-0.052, 0)"
Genitourinary,phecode_603-5,Orchitis and epididymitis,"0.625 (0.549, 0.703)","0.599 (0.51, 0.698)","-0.025 (-0.1, 0.057)"
Neuro,phecode_328-9,Dementia NOS,"0.771 (0.728, 0.818)","0.747 (0.7, 0.803)","-0.024 (-0.053, 0.005)"
Musc/Skel,phecode_717,Other and unspecified dorsopathies,"0.582 (0.519, 0.651)","0.558 (0.494, 0.629)","-0.024 (-0.05, 0.001)"
Metab,phecode_256-2,Hyposmolality and/or hyponatremia,"0.571 (0.531, 0.609)","0.548 (0.507, 0.587)","-0.023 (-0.055, 0.008)"
Genitourinary,phecode_601-1,Prostatitis,"0.498 (0.422, 0.577)","0.474 (0.396, 0.557)","-0.023 (-0.075, 0.024)"
Genitourinary,phecode_594-3,Urinary incontinence,"0.62 (0.592, 0.648)","0.596 (0.567, 0.624)","-0.023 (-0.04, -0.007)"
Genitourinary,phecode_601,Inflammatory diseases of prostate,"0.497 (0.419, 0.572)","0.472 (0.375, 0.572)","-0.023 (-0.15, 0.092)"
Derm,phecode_683,Nail disorders,"0.525 (0.493, 0.559)","0.503 (0.474, 0.533)","-0.022 (-0.05, 0.005)"
Derm,phecode_664,Papulosquamous disorders,"0.564 (0.498, 0.632)","0.543 (0.478, 0.613)","-0.021 (-0.062, 0.022)"
Genitourinary,phecode_596,Other disorders of bladder,"0.623 (0.579, 0.664)","0.602 (0.561, 0.642)","-0.021 (-0.046, 0.003)"
Genitourinary,phecode_623,Hypertrophy of female genital organs,"0.522 (0.469, 0.574)","0.503 (0.451, 0.555)","-0.02 (-0.068, 0.027)"
Musc/Skel,phecode_716-3,Spinal disc displacement (herniation),"0.53 (0.477, 0.584)","0.511 (0.464, 0.56)","-0.019 (-0.058, 0.019)"
Neuro,phecode_325-2,Abnormality of gait and mobility,"0.634 (0.589, 0.677)","0.615 (0.569, 0.664)","-0.019 (-0.04, 0.002)"
Musc/Skel,phecode_715-4,Spinal stenosis,"0.647 (0.594, 0.709)","0.628 (0.577, 0.689)","-0.018 (-0.064, 0.026)"
Genitourinary,phecode_596-2,Overactive bladder,"0.611 (0.565, 0.666)","0.594 (0.544, 0.651)","-0.018 (-0.05, 0.01)"
Genitourinary,phecode_605-1,Male erectile dysfunction,"0.572 (0.545, 0.598)","0.554 (0.53, 0.581)","-0.018 (-0.035, 0.004)"
Musc/Skel,phecode_708-13,Primary osteoarthritis of the hand,"0.653 (0.611, 0.694)","0.636 (0.591, 0.681)","-0.017 (-0.033, -0.001)"
Eye,phecode_360-11,Hordeolum externum,"0.551 (0.51, 0.592)","0.536 (0.496, 0.576)","-0.016 (-0.031, 0)"
Derm,phecode_676,Hypertrophic conditions of skin,"0.541 (0.511, 0.573)","0.526 (0.493, 0.562)","-0.016 (-0.052, 0.025)"
Musc/Skel,phecode_733-6,Temporomandibular joint disorders,"0.652 (0.612, 0.693)","0.636 (0.59, 0.684)","-0.016 (-0.057, 0.026)"
Neuro,phecode_331-1,Tension headache,"0.651 (0.607, 0.699)","0.636 (0.587, 0.686)","-0.016 (-0.036, 0.006)"
Musc/Skel,phecode_723-51,Achilles tendinitis,"0.492 (0.451, 0.533)","0.478 (0.434, 0.519)","-0.016 (-0.046, 0.012)"
Genitourinary,phecode_613,Other nonmalignant breast conditions,"0.586 (0.552, 0.617)","0.57 (0.537, 0.603)","-0.015 (-0.04, 0.009)"
Cardio,phecode_440,Embolism and thrombosis,"0.568 (0.539, 0.602)","0.553 (0.525, 0.585)","-0.015 (-0.027, -0.004)"
Genitourinary,phecode_627-1,Postmenopausal bleeding,"0.554 (0.521, 0.59)","0.539 (0.504, 0.577)","-0.015 (-0.034, 0.004)"
Resp,phecode_473,Other diseases of upper respiratory tract,"0.57 (0.527, 0.62)","0.557 (0.508, 0.605)","-0.014 (-0.04, 0.014)"
Resp,phecode_463-2,Allergic rhinitis,"0.535 (0.504, 0.564)","0.521 (0.492, 0.55)","-0.014 (-0.04, 0.015)"
Musc/Skel,phecode_723,Enthesopathy/Enthesitis/Tendinopathy,"0.568 (0.552, 0.587)","0.555 (0.538, 0.573)","-0.014 (-0.027, 0.001)"
Eye,phecode_386,Visual disturbances,"0.604 (0.567, 0.639)","0.591 (0.558, 0.624)","-0.013 (-0.037, 0.01)"
Musc/Skel,phecode_733,"Dentofacial anomalies, including malocclusion","0.657 (0.617, 0.697)","0.643 (0.599, 0.694)","-0.013 (-0.052, 0.023)"
Musc/Skel,phecode_728,Chondropathies,"0.615 (0.569, 0.666)","0.602 (0.553, 0.651)","-0.013 (-0.041, 0.014)"
Derm,phecode_684,Diseases of hair and hair follicles,"0.69 (0.657, 0.724)","0.677 (0.642, 0.714)","-0.013 (-0.038, 0.012)"
Signs/Symptoms,phecode_809,Pain,"0.539 (0.524, 0.554)","0.525 (0.511, 0.54)","-0.013 (-0.024, -0.004)"
Neuro,phecode_333-2,Insomnia,"0.564 (0.532, 0.595)","0.552 (0.516, 0.588)","-0.013 (-0.032, 0.006)"
Musc/Skel,phecode_708-1,Primary osteoarthritis,"0.617 (0.589, 0.643)","0.605 (0.576, 0.631)","-0.013 (-0.027, 0.001)"
Resp,phecode_467,Laryngitis and tracheitis,"0.601 (0.557, 0.647)","0.589 (0.545, 0.633)","-0.012 (-0.036, 0.011)"
Resp,phecode_460-2,Acute lower respiratory infection,"0.555 (0.54, 0.569)","0.542 (0.529, 0.556)","-0.012 (-0.018, -0.006)"
Eye,phecode_360-1,Hordeolum,"0.552 (0.509, 0.596)","0.539 (0.5, 0.582)","-0.012 (-0.026, 0.002)"
Resp,phecode_463-4,Nasal congestion*,"0.563 (0.523, 0.603)","0.551 (0.512, 0.588)","-0.012 (-0.039, 0.014)"
Musc/Skel,phecode_718-2,Cervicalgia,"0.559 (0.535, 0.583)","0.548 (0.527, 0.569)","-0.011 (-0.03, 0.007)"
Blood,phecode_170-1,Neutropenia,"0.614 (0.577, 0.659)","0.603 (0.562, 0.649)","-0.011 (-0.033, 0.011)"
Genitourinary,phecode_594,Abnormality of urination,"0.596 (0.581, 0.615)","0.586 (0.569, 0.603)","-0.011 (-0.02, -0.001)"
Neoplasms,phecode_105,Malignant neoplasm of the breast,"0.757 (0.732, 0.778)","0.745 (0.721, 0.767)","-0.011 (-0.021, -0.001)"
GI,phecode_523-4,Diverticulitis,"0.617 (0.573, 0.66)","0.606 (0.562, 0.652)","-0.011 (-0.023, 0)"
Neuro,phecode_331,Headache,"0.581 (0.56, 0.599)","0.57 (0.55, 0.591)","-0.011 (-0.024, 0.003)"
Cardio,phecode_413,Heart valve disorders,"0.668 (0.632, 0.707)","0.657 (0.618, 0.693)","-0.011 (-0.032, 0.008)"
Signs/Symptoms,phecode_823,Abnormal serum enzyme levels,"0.549 (0.519, 0.579)","0.538 (0.505, 0.568)","-0.011 (-0.021, 0)"
Genitourinary,phecode_603,Disorders and symptoms of testis,"0.577 (0.536, 0.619)","0.567 (0.525, 0.608)","-0.011 (-0.019, -0.002)"
Cardio,phecode_416-4,Heart block,"0.698 (0.654, 0.747)","0.688 (0.644, 0.737)","-0.011 (-0.015, -0.006)"
Musc/Skel,phecode_713-3,Pain in joint,"0.529 (0.516, 0.541)","0.518 (0.506, 0.53)","-0.01 (-0.016, -0.005)"
GI,phecode_529-3,Fecal incontinence,"0.66 (0.613, 0.707)","0.65 (0.602, 0.697)","-0.01 (-0.037, 0.019)"
Musc/Skel,phecode_707,Other arthropathies,"0.591 (0.548, 0.639)","0.581 (0.535, 0.63)","-0.01 (-0.032, 0.013)"
Derm,phecode_666,Urticaria,"0.58 (0.537, 0.622)","0.57 (0.533, 0.609)","-0.01 (-0.042, 0.022)"
Neoplasms,phecode_101,Malignant neoplasm of the digestive organs,"0.659 (0.613, 0.705)","0.649 (0.604, 0.693)","-0.01 (-0.025, 0.005)"
GI,phecode_503,Diseases of pulp and periapical tissues,"0.537 (0.483, 0.592)","0.527 (0.476, 0.579)","-0.01 (-0.04, 0.021)"
Genitourinary,phecode_608,Other disorders of male genital organs,"0.532 (0.504, 0.562)","0.523 (0.495, 0.553)","-0.01 (-0.022, 0.003)"
Genitourinary,phecode_613-5,Mastodynia,"0.569 (0.533, 0.605)","0.56 (0.521, 0.594)","-0.01 (-0.038, 0.018)"
Neuro,phecode_334,Disorders of other cranial nerves,"0.542 (0.489, 0.6)","0.533 (0.472, 0.594)","-0.01 (-0.047, 0.026)"
Signs/Symptoms,phecode_807-1,Chronic fatigue syndrome,"0.605 (0.578, 0.633)","0.595 (0.569, 0.621)","-0.01 (-0.018, -0.001)"
Eye,phecode_374,Disorders of the retina,"0.621 (0.598, 0.643)","0.612 (0.589, 0.635)","-0.009 (-0.021, 0.003)"
Neoplasms,phecode_107-2,Malignant neoplasm of the prostate,"0.68 (0.649, 0.709)","0.67 (0.641, 0.702)","-0.009 (-0.018, 0)"
Resp,phecode_467-1,Acute laryngitis and tracheitis,"0.603 (0.556, 0.653)","0.594 (0.549, 0.639)","-0.009 (-0.035, 0.014)"
Hearing,phecode_392,Otalgia and effusion of ear,"0.563 (0.534, 0.592)","0.555 (0.525, 0.583)","-0.009 (-0.025, 0.006)"
Musc/Skel,phecode_718-5,Sciatica,"0.565 (0.54, 0.59)","0.556 (0.531, 0.58)","-0.009 (-0.023, 0.006)"
GI,phecode_550-1,Gallstones [Cholelithiasis],"0.597 (0.564, 0.63)","0.588 (0.554, 0.623)","-0.009 (-0.035, 0.018)"
Signs/Symptoms,phecode_832-6,Pyuria*,"0.647 (0.599, 0.699)","0.638 (0.589, 0.689)","-0.009 (-0.02, 0.003)"
Musc/Skel,phecode_708-7,Generalized osteoarthritis,"0.669 (0.62, 0.72)","0.661 (0.611, 0.715)","-0.008 (-0.025, 0.01)"
Neuro,phecode_351-1,Anesthesia of skin*,"0.521 (0.478, 0.565)","0.513 (0.467, 0.559)","-0.008 (-0.064, 0.044)"
GI,phecode_550,Disorders of the gallbladder,"0.579 (0.55, 0.61)","0.572 (0.539, 0.603)","-0.008 (-0.024, 0.008)"
Genitourinary,phecode_618-1,Prolapse of vaginal walls,"0.549 (0.509, 0.589)","0.541 (0.497, 0.582)","-0.008 (-0.018, 0.001)"
GI,phecode_528,Nausea and vomiting,"0.575 (0.555, 0.597)","0.566 (0.547, 0.588)","-0.008 (-0.022, 0.004)"
Derm,phecode_682,Other follicular disorders,"0.534 (0.511, 0.558)","0.526 (0.502, 0.55)","-0.008 (-0.03, 0.014)"
Hearing,phecode_394,Disorders of vestibular function,"0.567 (0.533, 0.6)","0.559 (0.526, 0.592)","-0.008 (-0.015, -0.001)"
Neuro,phecode_329,Symptoms and signs involving cognitive functions and awareness,"0.629 (0.603, 0.66)","0.622 (0.596, 0.651)","-0.008 (-0.026, 0.011)"
GI,phecode_542,Chronic liver disease and sequelae,"0.572 (0.533, 0.611)","0.566 (0.531, 0.602)","-0.008 (-0.048, 0.038)"
Neoplasms,phecode_142-1,Lump or mass in breast,"0.756 (0.729, 0.785)","0.749 (0.72, 0.777)","-0.008 (-0.013, -0.002)"
Cardio,phecode_418,Abnormal results of cardiovascular function studies,"0.646 (0.61, 0.678)","0.639 (0.602, 0.671)","-0.008 (-0.013, -0.002)"
Neuro,phecode_350-5,Repeated falls*,"0.705 (0.658, 0.756)","0.699 (0.651, 0.747)","-0.008 (-0.019, 0.005)"
Signs/Symptoms,phecode_808,Syncope and collapse,"0.572 (0.546, 0.597)","0.564 (0.538, 0.591)","-0.007 (-0.018, 0.004)"
Signs/Symptoms,phecode_804,Other symptoms and signs involving the circulatory and respiratory system,"0.535 (0.517, 0.555)","0.528 (0.508, 0.547)","-0.007 (-0.017, 0.002)"
Genitourinary,phecode_619-5,Noninflammatory disorders of vulva and perineum,"0.531 (0.478, 0.586)","0.525 (0.475, 0.576)","-0.007 (-0.039, 0.025)"
Neoplasms,phecode_112,Malignant neoplasm of other and ill-defined sites,"0.705 (0.669, 0.744)","0.698 (0.662, 0.736)","-0.007 (-0.015, 0)"
Genitourinary,phecode_594-32,Stress incontinence,"0.725 (0.682, 0.771)","0.719 (0.681, 0.754)","-0.007 (-0.038, 0.024)"
Genitourinary,phecode_618-11,Cystocele,"0.572 (0.523, 0.619)","0.564 (0.51, 0.612)","-0.007 (-0.031, 0.019)"
GI,phecode_557-8,Hemorrhage of rectum and anus,"0.508 (0.481, 0.538)","0.502 (0.474, 0.529)","-0.007 (-0.032, 0.018)"
Neuro,phecode_331-8,Headache NOS,"0.586 (0.565, 0.606)","0.58 (0.559, 0.599)","-0.007 (-0.02, 0.007)"
Genitourinary,phecode_614-55,Candidiasis of vulva and vagina,"0.759 (0.733, 0.785)","0.753 (0.728, 0.777)","-0.006 (-0.014, 0.001)"
Neuro,phecode_325,Symptoms and signs related to movement disorders,"0.625 (0.58, 0.669)","0.618 (0.575, 0.663)","-0.006 (-0.036, 0.023)"
Signs/Symptoms,phecode_800,Chest pain,"0.493 (0.475, 0.51)","0.486 (0.469, 0.505)","-0.006 (-0.021, 0.01)"
Derm,phecode_684-1,Alopecia,"0.687 (0.655, 0.721)","0.68 (0.645, 0.72)","-0.006 (-0.036, 0.023)"
ID,phecode_056-1,Plantar wart,"0.569 (0.518, 0.621)","0.562 (0.513, 0.615)","-0.006 (-0.019, 0.007)"
Derm,phecode_675,Atrophic conditions of skin,"0.735 (0.7, 0.771)","0.728 (0.694, 0.767)","-0.006 (-0.019, 0.008)"
Eye,phecode_362,Other disorders of the eyelids,"0.542 (0.485, 0.6)","0.537 (0.482, 0.594)","-0.006 (-0.033, 0.02)"
ID,phecode_089-3,Fungal infections,"0.509 (0.491, 0.526)","0.503 (0.485, 0.52)","-0.006 (-0.023, 0.011)"
Resp,phecode_483,Pleural effusion,"0.691 (0.654, 0.73)","0.685 (0.648, 0.728)","-0.006 (-0.022, 0.009)"
Genitourinary,phecode_614,Inflammatory diseases of female pelvic organs,"0.579 (0.539, 0.624)","0.574 (0.534, 0.619)","-0.006 (-0.026, 0.016)"
Blood,phecode_170,Decreased white blood cell count,"0.624 (0.585, 0.665)","0.619 (0.58, 0.659)","-0.006 (-0.021, 0.01)"
Cardio,phecode_431-2,Transient cerebral ischemic attacks,"0.675 (0.631, 0.722)","0.67 (0.627, 0.714)","-0.006 (-0.022, 0.01)"
Signs/Symptoms,phecode_840-8,Allergies related to other diseases/symptoms,"0.544 (0.519, 0.572)","0.539 (0.513, 0.565)","-0.006 (-0.028, 0.016)"
Genitourinary,phecode_618-2,Uterine/Uterovaginal prolapse,"0.516 (0.447, 0.585)","0.51 (0.443, 0.575)","-0.005 (-0.019, 0.009)"
Musc/Skel,phecode_705,Rheumatoid arthritis and other inflammatory polyarthropathies,"0.658 (0.618, 0.701)","0.653 (0.613, 0.693)","-0.005 (-0.018, 0.007)"
Hearing,phecode_394-21,Paroxysmal vertigo,"0.588 (0.55, 0.63)","0.582 (0.541, 0.625)","-0.005 (-0.017, 0.005)"
GI,phecode_509,Diseases of tongue,"0.644 (0.6, 0.692)","0.64 (0.592, 0.688)","-0.005 (-0.027, 0.017)"
Neuro,phecode_324,Extrapyramidal and movement disorders,"0.599 (0.57, 0.632)","0.594 (0.565, 0.625)","-0.005 (-0.016, 0.006)"
Musc/Skel,phecode_708,Osteoarthritis,"0.611 (0.597, 0.626)","0.605 (0.591, 0.62)","-0.005 (-0.008, -0.002)"
Musc/Skel,phecode_723-2,Rotator cuff tear or rupture,"0.508 (0.471, 0.544)","0.503 (0.466, 0.538)","-0.005 (-0.03, 0.02)"
Hearing,phecode_394-2,Vertigo,"0.572 (0.536, 0.611)","0.567 (0.53, 0.607)","-0.005 (-0.015, 0.005)"
Neuro,phecode_329-1,Memory loss,"0.654 (0.623, 0.688)","0.651 (0.619, 0.68)","-0.005 (-0.02, 0.011)"
Mental,phecode_288,Anxiety disorders,"0.601 (0.578, 0.627)","0.597 (0.574, 0.621)","-0.005 (-0.013, 0.004)"
Neoplasms,phecode_105-1,"Malignant neoplasm of the breast, female","0.568 (0.526, 0.612)","0.564 (0.521, 0.611)","-0.004 (-0.017, 0.008)"
Derm,phecode_685-82,Generalized hyperhidrosis,"0.604 (0.562, 0.649)","0.602 (0.56, 0.642)","-0.004 (-0.027, 0.019)"
Derm,phecode_686-2,Non-pressure chronic ulcer,"0.734 (0.681, 0.799)","0.731 (0.683, 0.785)","-0.004 (-0.04, 0.029)"
Resp,phecode_468,Pneumonia,"0.608 (0.565, 0.653)","0.604 (0.558, 0.651)","-0.004 (-0.024, 0.016)"
Genitourinary,phecode_602,Other disorders of prostate,"0.624 (0.591, 0.659)","0.621 (0.586, 0.656)","-0.004 (-0.015, 0.008)"
Genitourinary,phecode_610,Benign mammary dysplasias,"0.607 (0.538, 0.685)","0.603 (0.532, 0.682)","-0.004 (-0.013, 0.005)"
Neuro,phecode_331-6,Migraine,"0.597 (0.559, 0.634)","0.593 (0.557, 0.63)","-0.004 (-0.013, 0.005)"
ID,phecode_056,Human papillomavirus,"0.484 (0.451, 0.513)","0.48 (0.447, 0.511)","-0.004 (-0.011, 0.003)"
Signs/Symptoms,phecode_823-2,Abnormal levels of other serum enzymes,"0.546 (0.515, 0.576)","0.541 (0.509, 0.574)","-0.004 (-0.013, 0.007)"
Resp,phecode_496,Abnormal results of pulmonary function studies,"0.584 (0.546, 0.623)","0.581 (0.542, 0.62)","-0.004 (-0.01, 0.003)"
Musc/Skel,phecode_721-6,Baker's cyst [popliteal cyst],"0.636 (0.575, 0.687)","0.631 (0.572, 0.685)","-0.004 (-0.022, 0.013)"
Genitourinary,phecode_618,Genital prolapse,"0.552 (0.511, 0.588)","0.548 (0.507, 0.585)","-0.004 (-0.01, 0.003)"
Musc/Skel,phecode_713-2,Effusion of joint,"0.549 (0.518, 0.582)","0.545 (0.514, 0.578)","-0.004 (-0.013, 0.004)"
Derm,phecode_680,Epidermal thickening,"0.565 (0.532, 0.602)","0.56 (0.529, 0.595)","-0.004 (-0.017, 0.008)"
Eye,phecode_374-51,Age-related macular degeneration,"0.809 (0.777, 0.845)","0.806 (0.775, 0.84)","-0.004 (-0.024, 0.019)"
Genitourinary,phecode_602-4,Elevated prostate specific antigen [PSA],"0.637 (0.601, 0.674)","0.633 (0.598, 0.671)","-0.004 (-0.008, 0.001)"
Resp,phecode_488-8,Mouth breathing*,"0.526 (0.467, 0.586)","0.523 (0.457, 0.593)","-0.003 (-0.043, 0.038)"
Resp,phecode_462,Sinusitis,"0.539 (0.514, 0.562)","0.535 (0.512, 0.56)","-0.003 (-0.015, 0.008)"
GI,phecode_510,Diseases of esophagus,"0.545 (0.517, 0.569)","0.541 (0.516, 0.566)","-0.003 (-0.019, 0.014)"
GI,phecode_512,Dysphagia,"0.545 (0.513, 0.573)","0.541 (0.509, 0.571)","-0.003 (-0.023, 0.017)"
Derm,phecode_668-3,Contact dermatitis,"0.529 (0.482, 0.576)","0.526 (0.479, 0.574)","-0.003 (-0.009, 0.003)"
Genitourinary,phecode_591,Urinary tract infection,"0.638 (0.619, 0.658)","0.636 (0.616, 0.655)","-0.003 (-0.008, 0.002)"
Musc/Skel,phecode_726,Osteoporosis and low bone density,"0.751 (0.728, 0.774)","0.748 (0.726, 0.771)","-0.003 (-0.005, 0)"
Genitourinary,phecode_594-6,Urinary urgency,"0.586 (0.547, 0.625)","0.582 (0.547, 0.623)","-0.003 (-0.024, 0.016)"
Musc/Skel,phecode_723-4,Lateral epicondylitis (Tennis elbow),"0.633 (0.604, 0.661)","0.63 (0.601, 0.658)","-0.003 (-0.008, 0.003)"
Musc/Skel,phecode_726-1,Osteoporosis,"0.751 (0.729, 0.774)","0.749 (0.726, 0.772)","-0.003 (-0.006, 0.001)"
Derm,phecode_674,Disorders of pigmentation,"0.587 (0.546, 0.627)","0.584 (0.544, 0.623)","-0.003 (-0.014, 0.008)"
Genitourinary,phecode_585,Kidney stone disease,"0.602 (0.551, 0.656)","0.6 (0.548, 0.652)","-0.003 (-0.035, 0.032)"
Resp,phecode_474,Chronic obstructive pulmonary disease [COPD],"0.695 (0.665, 0.724)","0.692 (0.663, 0.723)","-0.002 (-0.017, 0.012)"
Musc/Skel,phecode_721-11,Trigger finger,"0.563 (0.527, 0.601)","0.562 (0.526, 0.597)","-0.002 (-0.017, 0.016)"
ID,phecode_052-32,Herpes zoster,"0.595 (0.569, 0.621)","0.593 (0.568, 0.618)","-0.002 (-0.01, 0.005)"
Musc/Skel,phecode_724-1,Myalgia,"0.555 (0.53, 0.579)","0.553 (0.526, 0.58)","-0.002 (-0.018, 0.016)"
GI,phecode_530,Disease of anus and rectum,"0.497 (0.449, 0.542)","0.495 (0.448, 0.54)","-0.002 (-0.03, 0.028)"
Neoplasms,phecode_136-4,"Benign neoplasm of colon, rectum, anus and anal canal","0.595 (0.562, 0.628)","0.592 (0.56, 0.626)","-0.002 (-0.02, 0.015)"
Derm,phecode_660-6,Cellulitis and abscess,"0.523 (0.503, 0.544)","0.52 (0.501, 0.541)","-0.002 (-0.006, 0.002)"
GI,phecode_529,Symptoms involving digestive system,"0.545 (0.53, 0.56)","0.543 (0.528, 0.558)","-0.002 (-0.012, 0.007)"
Genitourinary,phecode_581,Renal tubulo-interstitial diseases,"0.469 (0.42, 0.521)","0.467 (0.418, 0.518)","-0.002 (-0.008, 0.003)"
Derm,phecode_678,Other skin and connective tissue disorders,"0.551 (0.537, 0.566)","0.549 (0.536, 0.563)","-0.002 (-0.005, 0.001)"
Neoplasms,phecode_142,Lump or mass in breast or nonspecific abnormal breast exam,"0.763 (0.743, 0.783)","0.761 (0.742, 0.78)","-0.002 (-0.005, 0.001)"
GI,phecode_522,Gastrointestinal inflammation,"0.54 (0.519, 0.563)","0.539 (0.517, 0.561)","-0.002 (-0.02, 0.016)"
GI,phecode_528-2,Vomiting,"0.576 (0.553, 0.596)","0.574 (0.551, 0.595)","-0.002 (-0.013, 0.009)"
Genitourinary,phecode_608-1,Abnormal findings in semen,"0.829 (0.814, 0.844)","0.827 (0.811, 0.842)","-0.002 (-0.004, 0.001)"
Neoplasms,phecode_136,Benign neoplasm of the digestive organs,"0.594 (0.561, 0.626)","0.592 (0.559, 0.623)","-0.002 (-0.015, 0.011)"
Derm,phecode_673,Skin changes due to chronic exposure to nonionizing radiation,"0.598 (0.584, 0.613)","0.596 (0.582, 0.611)","-0.002 (-0.003, -0.001)"
Derm,phecode_680-1,Corns and callosities,"0.537 (0.482, 0.592)","0.535 (0.481, 0.59)","-0.002 (-0.008, 0.004)"
Hearing,phecode_391-1,Otitis media,"0.523 (0.49, 0.557)","0.521 (0.488, 0.555)","-0.002 (-0.005, 0.001)"
Cardio,phecode_436,Atherosclerosis [ASCVD],"0.665 (0.625, 0.707)","0.664 (0.623, 0.705)","-0.002 (-0.006, 0.003)"
Musc/Skel,phecode_705-3,Polymyalgia rheumatica,"0.742 (0.702, 0.785)","0.741 (0.701, 0.783)","-0.002 (-0.008, 0.004)"
Eye,phecode_360,Inflammation of eyelids,"0.568 (0.542, 0.592)","0.566 (0.541, 0.59)","-0.002 (-0.008, 0.005)"
Derm,phecode_675-1,Circumscribed scleroderma,"0.734 (0.698, 0.769)","0.732 (0.695, 0.768)","-0.001 (-0.005, 0.001)"
Cardio,phecode_402,Elevated blood pressure reading without diagnosis of hypertension,"0.525 (0.497, 0.551)","0.523 (0.496, 0.55)","-0.001 (-0.002, -0.001)"
Signs/Symptoms,phecode_819,General symptoms and other findings,"0.564 (0.548, 0.58)","0.563 (0.546, 0.579)","-0.001 (-0.004, 0.001)"
GI,phecode_520-2,Diaphragmatic hernia [Hiatal hernia],"0.599 (0.573, 0.627)","0.598 (0.572, 0.625)","-0.001 (-0.017, 0.015)"
Metab,phecode_239-11,Pure hypercholesterolemia,"0.563 (0.539, 0.585)","0.561 (0.538, 0.584)","-0.001 (-0.007, 0.004)"
Signs/Symptoms,phecode_801,Cough,"0.526 (0.512, 0.54)","0.525 (0.512, 0.539)","-0.001 (-0.006, 0.004)"
Cardio,phecode_431,Stroke and transient cerebral ischemic attacks,"0.682 (0.653, 0.716)","0.681 (0.652, 0.715)","-0.001 (-0.003, 0.001)"
Blood,phecode_168,"Coagulation defects, purpura and other hemorrhagic conditions","0.506 (0.449, 0.57)","0.505 (0.446, 0.569)","-0.001 (-0.008, 0.006)"
Neoplasms,phecode_101-4,Malignant neoplasm of the colon and rectum,"0.685 (0.638, 0.732)","0.684 (0.634, 0.73)","-0.001 (-0.015, 0.013)"
Hearing,phecode_390-4,Impacted cerumen,"0.595 (0.579, 0.611)","0.595 (0.578, 0.611)","-0.001 (-0.003, 0.002)"
Derm,phecode_670,Seborrheic keratosis,"0.628 (0.568, 0.688)","0.628 (0.573, 0.688)","-0.001 (-0.011, 0.011)"
Cardio,phecode_440-11,Deep vein thrombosis [DVT],"0.584 (0.52, 0.645)","0.583 (0.52, 0.645)","-0.001 (-0.004, 0.003)"
Musc/Skel,phecode_721-2,Ganglion cyst,"0.53 (0.491, 0.57)","0.529 (0.491, 0.571)","-0.001 (-0.008, 0.007)"
ID,phecode_052-3,Varicella zoster virus,"0.588 (0.563, 0.616)","0.588 (0.563, 0.616)","-0.001 (-0.003, 0.001)"
GI,phecode_523,Diverticular disease [Bowel diverticulosis],"0.599 (0.578, 0.621)","0.599 (0.579, 0.622)","-0.001 (-0.01, 0.009)"
Signs/Symptoms,phecode_832,Other abnormal findings in urine,"0.626 (0.611, 0.643)","0.626 (0.61, 0.642)","-0.001 (-0.007, 0.006)"
ID,phecode_089,Infections,"0.525 (0.51, 0.539)","0.524 (0.51, 0.537)","0 (-0.016, 0.014)"
Genitourinary,phecode_626,Disorders of menstruation and other abnormal bleeding from female genital tract,"0.803 (0.774, 0.831)","0.803 (0.774, 0.831)","0 (-0.002, 0.001)"
Rx,phecode_977-5,Long term (current) use of agents affecting hormones,"0.871 (0.84, 0.907)","0.871 (0.84, 0.907)","0 (-0.001, 0)"
Mental,phecode_288-3,Generalized anxiety disorder,"0.607 (0.556, 0.658)","0.607 (0.555, 0.657)","0 (-0.001, 0.001)"
Neoplasms,phecode_107,Malignant neoplasm of male genitalia,"0.681 (0.654, 0.708)","0.681 (0.653, 0.709)","0 (-0.003, 0.002)"
GI,phecode_528-1,Nausea,"0.575 (0.554, 0.596)","0.575 (0.552, 0.596)","0 (-0.016, 0.012)"
Genitourinary,phecode_627-4,Menorrhagia/Excessive and frequent menstruation,"0.86 (0.843, 0.882)","0.86 (0.842, 0.882)","0 (-0.003, 0.002)"
Genitourinary,phecode_625,Pain and other symptoms associated with female genital organs,"0.602 (0.566, 0.639)","0.602 (0.566, 0.641)","0 (-0.007, 0.006)"
Signs/Symptoms,phecode_829,Nonspecific findings on examination of blood,"0.63 (0.604, 0.657)","0.63 (0.603, 0.656)","0 (-0.01, 0.009)"
Genitourinary,phecode_592,Cystitis and urethritis,"0.708 (0.683, 0.737)","0.708 (0.684, 0.735)","0 (-0.003, 0.002)"
Genitourinary,phecode_619-4,Noninflammatory disorders of vagina,"0.608 (0.58, 0.632)","0.607 (0.579, 0.633)","0 (-0.005, 0.004)"
Genitourinary,phecode_594-4,Frequency of urination and polyuria,"0.585 (0.559, 0.609)","0.585 (0.559, 0.608)","0 (-0.001, 0)"
Neoplasms,phecode_146,Benign neoplasm of the genitourinary system,"0.845 (0.824, 0.867)","0.845 (0.823, 0.866)","0 (-0.001, 0.001)"
Musc/Skel,phecode_719,Disorders of muscle,"0.538 (0.506, 0.571)","0.537 (0.507, 0.569)","0 (-0.028, 0.028)"
Eye,phecode_367,Inflammation of the eye,"0.544 (0.521, 0.57)","0.544 (0.522, 0.569)","0 (-0.002, 0.002)"
Metab,phecode_230,Malnutrition and underweight,"0.586 (0.551, 0.622)","0.586 (0.55, 0.621)","0 (-0.002, 0.002)"
Musc/Skel,phecode_715-1,Spondylosis,"0.633 (0.603, 0.663)","0.633 (0.602, 0.663)","0 (-0.001, 0.001)"
Musc/Skel,phecode_727,Other disorders of bone,"0.725 (0.707, 0.743)","0.725 (0.707, 0.743)","0 (-0.002, 0.002)"
Genitourinary,phecode_593-2,Microscopic hematuria,"0.555 (0.495, 0.611)","0.554 (0.498, 0.611)","0 (-0.025, 0.023)"
Genitourinary,phecode_599,Other symptoms/disorders or the urinary system,"0.558 (0.538, 0.578)","0.558 (0.538, 0.577)","0 (-0.005, 0.005)"
Resp,phecode_466,Tonsillitis and adenoiditis,"0.63 (0.591, 0.668)","0.63 (0.59, 0.669)","0 (-0.002, 0.002)"
GI,phecode_556-8,Nonspecific abnormal findings in stool contents,"0.564 (0.536, 0.598)","0.564 (0.536, 0.598)","0 (-0.002, 0.002)"
Signs/Symptoms,phecode_835,Cytology and pathology findings,"0.71 (0.683, 0.74)","0.71 (0.683, 0.74)","0 (0, 0.001)"
Resp,phecode_494,Voice disturbance,"0.601 (0.56, 0.644)","0.601 (0.56, 0.644)","0 (-0.025, 0.026)"
Eye,phecode_376,Disorders of vitreous body,"0.579 (0.553, 0.604)","0.579 (0.554, 0.605)","0 (-0.006, 0.007)"
Hearing,phecode_390,Disorders of external ear,"0.557 (0.543, 0.572)","0.557 (0.543, 0.572)","0 (0, 0.001)"
Neoplasms,phecode_130,"Cancer (solid tumor, excluding BCC)","0.645 (0.625, 0.665)","0.645 (0.626, 0.664)","0 (-0.006, 0.006)"
Cardio,phecode_417-3,Bradycardia*,"0.597 (0.541, 0.654)","0.597 (0.54, 0.654)","0 (-0.002, 0.003)"
Neoplasms,phecode_144-2,Benign neoplasms of the uterus,"0.771 (0.738, 0.807)","0.771 (0.737, 0.808)","0 (-0.006, 0.005)"
ID,phecode_052,Herpesvirus,"0.573 (0.55, 0.597)","0.573 (0.55, 0.597)","0 (-0.002, 0.003)"
Signs/Symptoms,phecode_840-2,Allergy to insects,"0.591 (0.553, 0.627)","0.591 (0.554, 0.627)","0 (-0.009, 0.009)"
Cardio,phecode_439,Hemorrhoids,"0.5 (0.475, 0.525)","0.5 (0.474, 0.525)","0 (-0.022, 0.02)"
Cardio,phecode_417,Abnormalities of heart beat,"0.562 (0.541, 0.58)","0.562 (0.541, 0.581)","0 (-0.005, 0.006)"
Derm,phecode_662,Rosacea,"0.505 (0.464, 0.547)","0.506 (0.463, 0.548)","0 (-0.004, 0.005)"
Resp,phecode_495,Abnormal findings on diagnostic imaging of lung,"0.621 (0.575, 0.664)","0.621 (0.575, 0.665)","0 (-0.001, 0.001)"
Neoplasms,phecode_106,Gynecological malignant neoplasms,"0.52 (0.412, 0.629)","0.519 (0.415, 0.637)","0 (-0.035, 0.035)"
Resp,phecode_466-1,Acute tonsillitis and adenoiditis,"0.652 (0.61, 0.691)","0.652 (0.611, 0.691)","0 (0, 0.001)"
Cardio,phecode_401,Hypertension,"0.625 (0.611, 0.639)","0.626 (0.611, 0.639)","0.001 (0, 0.001)"
ID,phecode_052-1,Herpes simplex,"0.621 (0.576, 0.668)","0.621 (0.575, 0.669)","0.001 (-0.005, 0.006)"
Musc/Skel,phecode_723-5,Tendinitis,"0.484 (0.446, 0.522)","0.484 (0.447, 0.522)","0.001 (-0.015, 0.018)"
Genitourinary,phecode_627-2,Symptomatic menopause,"0.765 (0.746, 0.784)","0.766 (0.747, 0.785)","0.001 (0, 0.001)"
Genitourinary,phecode_600,Benign prostatic hyperplasia,"0.663 (0.642, 0.683)","0.663 (0.642, 0.684)","0.001 (-0.001, 0.003)"
GI,phecode_520-11,Inguinal hernia,"0.767 (0.744, 0.793)","0.768 (0.744, 0.793)","0.001 (-0.001, 0.003)"
Genitourinary,phecode_594-41,Nocturia,"0.719 (0.681, 0.759)","0.72 (0.681, 0.76)","0.001 (0, 0.002)"
Endo,phecode_200-14,"Hypothyroidism, not specified as secondary","0.652 (0.62, 0.687)","0.653 (0.621, 0.687)","0.001 (0, 0.002)"
Cardio,phecode_444-5,Venous insufficiency (chronic) (peripheral),"0.653 (0.608, 0.704)","0.654 (0.61, 0.704)","0.001 (-0.017, 0.018)"
Signs/Symptoms,phecode_800-1,Chest pain on breathing,"0.517 (0.473, 0.557)","0.517 (0.473, 0.564)","0.001 (-0.032, 0.032)"
Resp,phecode_465-1,Acute Pharyngitis,"0.555 (0.533, 0.577)","0.556 (0.535, 0.579)","0.001 (-0.005, 0.007)"
Mental,phecode_290,"Reaction to severe stress, and adjustment disorders","0.671 (0.645, 0.699)","0.672 (0.645, 0.7)","0.001 (-0.008, 0.009)"
Musc/Skel,phecode_723-3,Medial epicondylitis (Golfer's elbow),"0.574 (0.513, 0.637)","0.574 (0.514, 0.636)","0.001 (-0.013, 0.015)"
Cardio,phecode_416,Cardiac arrhythmia and conduction disorders,"0.673 (0.652, 0.694)","0.675 (0.653, 0.696)","0.001 (-0.001, 0.003)"
Resp,phecode_488-1,Dyspnea [Shortness of breath],"0.615 (0.598, 0.632)","0.616 (0.599, 0.633)","0.001 (0, 0.002)"
Cardio,phecode_403,Angina pectoris,"0.645 (0.609, 0.681)","0.646 (0.609, 0.682)","0.001 (-0.003, 0.005)"
Eye,phecode_374-5,Macular degeneration,"0.753 (0.722, 0.784)","0.753 (0.723, 0.784)","0.001 (-0.006, 0.007)"
Genitourinary,phecode_594-2,Dysuria,"0.596 (0.562, 0.626)","0.598 (0.563, 0.628)","0.001 (-0.006, 0.008)"
Resp,phecode_463,Rhinitis and nasal congestion,"0.523 (0.502, 0.545)","0.525 (0.502, 0.547)","0.001 (-0.013, 0.015)"
Derm,phecode_679-4,Pruritus,"0.553 (0.531, 0.577)","0.555 (0.532, 0.578)","0.001 (-0.006, 0.008)"
Resp,phecode_487-1,Epistaxis,"0.598 (0.556, 0.639)","0.6 (0.558, 0.641)","0.001 (-0.019, 0.022)"
Genitourinary,phecode_626-1,Irregular menstrual cycle/bleeding,"0.862 (0.842, 0.883)","0.863 (0.844, 0.884)","0.001 (0, 0.003)"
Cardio,phecode_416-21,Atrial fibrillation,"0.704 (0.676, 0.731)","0.705 (0.677, 0.732)","0.001 (-0.002, 0.005)"
Derm,phecode_668-1,Atopic dermatitis,"0.508 (0.471, 0.546)","0.51 (0.471, 0.548)","0.001 (-0.039, 0.044)"
Metab,phecode_230-21,Abnormal weight loss,"0.606 (0.564, 0.652)","0.608 (0.564, 0.654)","0.001 (-0.017, 0.018)"
Eye,phecode_377-2,Conjunctival hemorrhage,"0.554 (0.517, 0.591)","0.555 (0.517, 0.591)","0.001 (-0.002, 0.005)"
Derm,phecode_660,Infection of the skin,"0.513 (0.499, 0.527)","0.514 (0.5, 0.529)","0.001 (-0.012, 0.013)"
Genitourinary,phecode_593,Hematuria,"0.564 (0.547, 0.581)","0.565 (0.549, 0.582)","0.001 (-0.005, 0.008)"
GI,phecode_507-1,Stomatitis,"0.59 (0.544, 0.639)","0.592 (0.545, 0.642)","0.001 (-0.023, 0.026)"
GI,phecode_558,Abnormal findings on diagnostic imaging of the digestive tract,"0.58 (0.534, 0.625)","0.581 (0.535, 0.628)","0.001 (-0.001, 0.004)"
Derm,phecode_668-2,Seborrheic dermatitis,"0.535 (0.499, 0.578)","0.537 (0.499, 0.58)","0.002 (-0.003, 0.006)"
GI,phecode_530-1,Anal fissure,"0.604 (0.543, 0.667)","0.605 (0.545, 0.669)","0.002 (0, 0.004)"
Neoplasms,phecode_144,Gynecological benign neoplasms,"0.729 (0.694, 0.766)","0.73 (0.696, 0.768)","0.002 (-0.005, 0.009)"
Eye,phecode_360-4,Blepharitis,"0.604 (0.569, 0.636)","0.605 (0.572, 0.639)","0.002 (-0.004, 0.007)"
Derm,phecode_660-12,Dermatophytosis,"0.546 (0.526, 0.569)","0.549 (0.527, 0.571)","0.002 (0, 0.004)"
Mental,phecode_294,Sexual dysfunction and disorders,"0.801 (0.786, 0.817)","0.803 (0.788, 0.818)","0.002 (-0.009, 0.013)"
Derm,phecode_673-1,Actinic keratosis,"0.6 (0.586, 0.615)","0.602 (0.588, 0.617)","0.002 (0, 0.003)"
Musc/Skel,phecode_721,Synoviopathy and bursopathy,"0.533 (0.515, 0.551)","0.534 (0.516, 0.553)","0.002 (-0.011, 0.014)"
Eye,phecode_376-1,Vitreous degeneration,"0.569 (0.544, 0.595)","0.571 (0.546, 0.597)","0.002 (0, 0.004)"
Genitourinary,phecode_627,Menopausal and postmenopausal disorders,"0.686 (0.667, 0.705)","0.688 (0.669, 0.708)","0.002 (0, 0.004)"
Cardio,phecode_446-2,Orthostatic hypotension,"0.669 (0.622, 0.717)","0.671 (0.622, 0.722)","0.002 (-0.017, 0.023)"
GI,phecode_520-1,Hernia of the abdominal wall,"0.696 (0.67, 0.72)","0.697 (0.672, 0.722)","0.002 (0, 0.004)"
Musc/Skel,phecode_718-4,Low back pain,"0.524 (0.507, 0.54)","0.525 (0.508, 0.542)","0.002 (-0.016, 0.018)"
Genitourinary,phecode_594-1,Retention of urine,"0.751 (0.726, 0.778)","0.753 (0.729, 0.779)","0.002 (-0.002, 0.006)"
Hearing,phecode_397-1,Tinnitus,"0.503 (0.472, 0.536)","0.506 (0.475, 0.544)","0.002 (-0.036, 0.038)"
Genitourinary,phecode_583,Chronic kidney disease,"0.682 (0.652, 0.71)","0.684 (0.653, 0.712)","0.002 (0, 0.004)"
Neuro,phecode_324-4,Tremor,"0.61 (0.564, 0.656)","0.612 (0.564, 0.66)","0.002 (-0.011, 0.015)"
Rx,phecode_977-52,Hormone replacement therapy (postmenopausal),"0.727 (0.684, 0.772)","0.729 (0.687, 0.773)","0.002 (-0.002, 0.007)"
Musc/Skel,phecode_722-1,Plantar fascial fibromatosis [Plantar fasciitis],"0.531 (0.504, 0.556)","0.533 (0.506, 0.557)","0.002 (-0.008, 0.014)"
Genitourinary,phecode_592-1,Cystitis,"0.728 (0.704, 0.754)","0.73 (0.705, 0.759)","0.002 (-0.009, 0.015)"
Resp,phecode_465-2,Chronic Pharyngitis,"0.557 (0.533, 0.583)","0.559 (0.534, 0.585)","0.002 (-0.002, 0.007)"
Neuro,phecode_354,Dizziness and giddiness,"0.55 (0.532, 0.57)","0.553 (0.534, 0.572)","0.002 (-0.009, 0.014)"
Genitourinary,phecode_619,Noninflammatory female genital disorders,"0.594 (0.568, 0.62)","0.596 (0.572, 0.622)","0.002 (-0.003, 0.007)"
Musc/Skel,phecode_722-4,Palmar fascial fibromatosis [Dupuytren],"0.63 (0.589, 0.669)","0.632 (0.592, 0.67)","0.003 (-0.003, 0.009)"
Endo,phecode_204,Elevated blood glucose level,"0.586 (0.567, 0.606)","0.589 (0.57, 0.611)","0.003 (-0.004, 0.009)"
Musc/Skel,phecode_703,Chrystal arthropathies,"0.709 (0.68, 0.736)","0.711 (0.683, 0.74)","0.003 (-0.007, 0.011)"
GI,phecode_527,Abdominal pain,"0.544 (0.529, 0.559)","0.547 (0.532, 0.562)","0.003 (-0.008, 0.012)"
Cardio,phecode_431-1,Stroke,"0.709 (0.668, 0.751)","0.712 (0.672, 0.752)","0.003 (-0.012, 0.018)"
Endo,phecode_204-1,Impaired fasting glucose,"0.647 (0.604, 0.692)","0.65 (0.607, 0.695)","0.003 (-0.002, 0.007)"
ID,phecode_099,Lab findings related to infections,"0.64 (0.595, 0.684)","0.643 (0.597, 0.686)","0.003 (-0.009, 0.015)"
Eye,phecode_375-1,Glaucoma,"0.631 (0.591, 0.666)","0.633 (0.594, 0.67)","0.003 (-0.013, 0.02)"
ID,phecode_089-2,Viral infections,"0.531 (0.515, 0.548)","0.534 (0.516, 0.551)","0.003 (-0.011, 0.016)"
Endo,phecode_200-1,Hypothyroidism,"0.629 (0.598, 0.657)","0.632 (0.601, 0.664)","0.003 (-0.017, 0.023)"
Neoplasms,phecode_146-2,Benign neoplasm of the prostate,"0.646 (0.601, 0.696)","0.649 (0.604, 0.703)","0.003 (-0.021, 0.029)"
Derm,phecode_660-1,Fungal infection of the skin,"0.522 (0.502, 0.543)","0.524 (0.506, 0.545)","0.003 (-0.008, 0.014)"
Signs/Symptoms,phecode_840,Allergy,"0.545 (0.525, 0.569)","0.549 (0.525, 0.573)","0.003 (-0.016, 0.021)"
Metab,phecode_239,Hyperlipidemia,"0.576 (0.558, 0.595)","0.579 (0.561, 0.599)","0.003 (-0.001, 0.007)"
Cardio,phecode_416-2,Atrial fibrillation and flutter,"0.715 (0.694, 0.739)","0.718 (0.695, 0.742)","0.003 (-0.005, 0.011)"
Eye,phecode_389,Other disorders of eye,"0.54 (0.519, 0.56)","0.543 (0.521, 0.564)","0.003 (-0.005, 0.011)"
Metab,phecode_230-2,Abnormal loss of weight and underweight,"0.609 (0.562, 0.654)","0.611 (0.566, 0.655)","0.003 (-0.018, 0.022)"
Eye,phecode_363,Disorders of lacrimal system,"0.617 (0.596, 0.642)","0.62 (0.6, 0.644)","0.003 (-0.007, 0.014)"
Neoplasms,phecode_103-2,Keratinocyte carcinoma,"0.656 (0.627, 0.688)","0.659 (0.63, 0.692)","0.003 (0, 0.007)"
Cardio,phecode_413-2,Aortic valve disorders,"0.665 (0.618, 0.712)","0.668 (0.622, 0.717)","0.004 (-0.012, 0.02)"
Neoplasms,phecode_144-21,Leiomyoma of uterus,"0.772 (0.739, 0.809)","0.775 (0.741, 0.814)","0.004 (-0.005, 0.011)"
Resp,phecode_488,Abnormalities of breathing,"0.58 (0.563, 0.596)","0.584 (0.566, 0.599)","0.004 (-0.009, 0.017)"
Eye,phecode_376-2,Vitreous opacities,"0.578 (0.551, 0.605)","0.581 (0.556, 0.608)","0.004 (-0.014, 0.021)"
Genitourinary,phecode_626-13,Irregular menstrual cycle,"0.869 (0.844, 0.894)","0.873 (0.847, 0.9)","0.004 (-0.006, 0.014)"
Genitourinary,phecode_614-5,"Inflammatory disease of cervix, vagina, and vulva","0.578 (0.533, 0.619)","0.58 (0.539, 0.621)","0.004 (-0.031, 0.036)"
Hearing,phecode_396,Hearing impairment,"0.636 (0.617, 0.654)","0.64 (0.621, 0.658)","0.004 (0.001, 0.007)"
Cardio,phecode_440-13,Phlebitis and thrombophlebitis,"0.568 (0.527, 0.607)","0.572 (0.533, 0.611)","0.004 (-0.007, 0.015)"
Derm,phecode_679-1,Rash and other nonspecific skin eruption,"0.533 (0.516, 0.55)","0.537 (0.52, 0.554)","0.004 (-0.003, 0.012)"
Eye,phecode_377,Hemorrhage of the eye,"0.557 (0.521, 0.594)","0.561 (0.527, 0.598)","0.004 (-0.008, 0.017)"
Cardio,phecode_444,Venous insufficiency,"0.554 (0.519, 0.588)","0.559 (0.523, 0.591)","0.004 (-0.001, 0.01)"
Metab,phecode_239-1,Hypercholesterolemia,"0.563 (0.542, 0.582)","0.567 (0.546, 0.586)","0.004 (-0.002, 0.011)"
Cardio,phecode_418-1,Abnormal electrocardiogram [ECG] [EKG],"0.664 (0.625, 0.706)","0.668 (0.631, 0.709)","0.004 (-0.013, 0.02)"
Neoplasms,phecode_138,Benign neoplasm of the skin,"0.535 (0.508, 0.558)","0.539 (0.513, 0.562)","0.004 (-0.004, 0.013)"
Musc/Skel,phecode_709-2,Acquired deformities of toe,"0.665 (0.639, 0.694)","0.669 (0.643, 0.698)","0.004 (-0.001, 0.01)"
Resp,phecode_462-1,Acute sinusitis,"0.573 (0.543, 0.601)","0.577 (0.548, 0.605)","0.004 (-0.005, 0.015)"
Resp,phecode_463-21,Seasonal allergic rhinitis,"0.531 (0.495, 0.57)","0.535 (0.497, 0.579)","0.004 (-0.045, 0.055)"
Musc/Skel,phecode_728-3,Costochondritis (Tietze's disease),"0.626 (0.574, 0.683)","0.631 (0.577, 0.688)","0.004 (-0.014, 0.022)"
Endo,phecode_202,Diabetes mellitus,"0.598 (0.574, 0.621)","0.602 (0.578, 0.626)","0.004 (-0.005, 0.014)"
Death,OMOP_4306655,All-Cause Death,"0.674 (0.65, 0.698)","0.678 (0.655, 0.703)","0.004 (-0.004, 0.013)"
Cardio,phecode_446,Hypotension,"0.639 (0.591, 0.688)","0.644 (0.593, 0.693)","0.004 (-0.007, 0.015)"
Rx,phecode_977-4,Long term (current) use of steroids,"0.549 (0.473, 0.633)","0.554 (0.476, 0.634)","0.005 (-0.082, 0.081)"
Cardio,phecode_440-1,Venous thromboembolism,"0.546 (0.508, 0.585)","0.55 (0.513, 0.59)","0.005 (-0.002, 0.012)"
Neoplasms,phecode_103,Malignant neoplasm of the skin,"0.649 (0.624, 0.676)","0.654 (0.628, 0.681)","0.005 (0.002, 0.008)"
Musc/Skel,phecode_721-5,Bursitis,"0.525 (0.501, 0.552)","0.531 (0.506, 0.557)","0.005 (-0.006, 0.016)"
Musc/Skel,phecode_715,Non-inflammatory spondylopathy,"0.632 (0.604, 0.66)","0.637 (0.611, 0.661)","0.005 (-0.008, 0.018)"
Eye,phecode_375,Abnormal intraocular pressure,"0.623 (0.59, 0.655)","0.629 (0.595, 0.66)","0.005 (-0.017, 0.027)"
Genitourinary,phecode_605,Male sexual dysfuction,"0.571 (0.545, 0.599)","0.576 (0.552, 0.602)","0.005 (-0.016, 0.028)"
Neoplasms,phecode_136-41,Benign neoplasm of the colon,"0.604 (0.566, 0.645)","0.609 (0.571, 0.648)","0.005 (-0.01, 0.019)"
Signs/Symptoms,phecode_830,Proteinuria,"0.577 (0.557, 0.597)","0.583 (0.563, 0.601)","0.005 (0, 0.012)"
Resp,phecode_460,Acute respiratory infection,"0.523 (0.509, 0.537)","0.528 (0.515, 0.542)","0.005 (-0.008, 0.018)"
Signs/Symptoms,phecode_812,Edema,"0.588 (0.558, 0.62)","0.592 (0.558, 0.628)","0.006 (-0.02, 0.031)"
ID,phecode_070,Candidiasis,"0.61 (0.587, 0.636)","0.616 (0.592, 0.642)","0.006 (-0.017, 0.026)"
Metab,phecode_247-7,Disorders of iron metabolism,"0.542 (0.501, 0.574)","0.546 (0.505, 0.583)","0.006 (-0.039, 0.049)"
Musc/Skel,phecode_724,Other symptoms and disorders of the soft tissue,"0.546 (0.527, 0.566)","0.552 (0.532, 0.571)","0.006 (-0.015, 0.027)"
Mental,phecode_308,Signs and symptoms involving emotional state,"0.561 (0.537, 0.586)","0.567 (0.543, 0.592)","0.006 (-0.005, 0.016)"
GI,phecode_557,Gastrointestinal hemorrhage,"0.504 (0.476, 0.531)","0.509 (0.484, 0.536)","0.006 (-0.008, 0.02)"
Hearing,phecode_396-2,Sensorineural hearing loss,"0.625 (0.586, 0.67)","0.631 (0.593, 0.676)","0.006 (-0.003, 0.015)"
Resp,phecode_465,Pharyngitis,"0.553 (0.533, 0.574)","0.559 (0.539, 0.581)","0.006 (-0.003, 0.016)"
Derm,phecode_685,Disorders of sweat glands,"0.599 (0.565, 0.637)","0.605 (0.571, 0.641)","0.007 (-0.025, 0.037)"
Derm,phecode_682-1,Cutaneous cyst,"0.473 (0.446, 0.499)","0.479 (0.452, 0.504)","0.007 (-0.021, 0.034)"
Musc/Skel,phecode_709-21,Hallux valgus (Bunion),"0.685 (0.656, 0.714)","0.692 (0.663, 0.721)","0.007 (0.001, 0.013)"
Musc/Skel,phecode_709,Acquired deformities of fingers and toes,"0.641 (0.613, 0.67)","0.647 (0.62, 0.676)","0.007 (-0.001, 0.015)"
Eye,phecode_367-1,Conjunctivitis,"0.56 (0.533, 0.587)","0.567 (0.54, 0.593)","0.007 (-0.001, 0.015)"
Genitourinary,phecode_586,Other disorders of the kidney and ureters,"0.601 (0.538, 0.66)","0.609 (0.548, 0.668)","0.007 (-0.013, 0.029)"
Eye,phecode_376-21,Crystalline deposits in vitreous body,"0.564 (0.508, 0.621)","0.573 (0.511, 0.631)","0.007 (-0.01, 0.024)"
Cardio,phecode_444-1,Varicose veins,"0.55 (0.52, 0.583)","0.558 (0.527, 0.59)","0.007 (-0.007, 0.021)"
GI,phecode_526,Intestinal infection,"0.529 (0.487, 0.571)","0.536 (0.492, 0.576)","0.007 (-0.028, 0.039)"
Musc/Skel,phecode_713,Symptoms related to joints,"0.525 (0.512, 0.536)","0.532 (0.52, 0.543)","0.007 (-0.004, 0.018)"
GI,phecode_529-1,Diarrhea,"0.546 (0.525, 0.567)","0.553 (0.53, 0.575)","0.007 (-0.001, 0.015)"
Cardio,phecode_416-5,Premature depolarization [Premature beats],"0.558 (0.488, 0.622)","0.567 (0.496, 0.63)","0.008 (-0.006, 0.022)"
Cardio,phecode_431-11,Cerebral infarction [Ischemic stroke],"0.718 (0.676, 0.758)","0.725 (0.687, 0.764)","0.008 (-0.016, 0.029)"
Derm,phecode_668,Dermatitis [eczema],"0.509 (0.489, 0.53)","0.517 (0.497, 0.536)","0.008 (-0.006, 0.023)"
Genitourinary,phecode_594-31,Urge incontinence,"0.616 (0.566, 0.673)","0.623 (0.574, 0.678)","0.008 (-0.02, 0.034)"
Derm,phecode_665,Psoriasis,"0.447 (0.402, 0.496)","0.457 (0.407, 0.504)","0.008 (-0.012, 0.027)"
GI,phecode_520,Hernia,"0.608 (0.589, 0.628)","0.616 (0.597, 0.636)","0.008 (0.001, 0.014)"
Genitourinary,phecode_628-2,Corpus luteum cyst or hematoma,"0.63 (0.556, 0.714)","0.637 (0.565, 0.719)","0.008 (-0.002, 0.018)"
Resp,phecode_460-1,Acute upper respiratory infection,"0.547 (0.532, 0.562)","0.555 (0.541, 0.57)","0.009 (-0.004, 0.021)"
Cardio,phecode_416-211,Paroxysmal atrial fibrillation*,"0.656 (0.601, 0.709)","0.664 (0.609, 0.718)","0.009 (-0.007, 0.025)"
Signs/Symptoms,phecode_807,Malaise and fatigue,"0.56 (0.543, 0.578)","0.569 (0.551, 0.587)","0.009 (-0.004, 0.022)"
Resp,phecode_487,Hemorrhage from respiratory passages,"0.57 (0.535, 0.607)","0.579 (0.544, 0.616)","0.009 (-0.008, 0.025)"
Hearing,phecode_391,Disorders of the middle ear,"0.537 (0.516, 0.56)","0.547 (0.524, 0.57)","0.009 (-0.011, 0.029)"
GI,phecode_556,Other symptoms involving the digestive system and abdomen,"0.545 (0.516, 0.573)","0.553 (0.526, 0.581)","0.009 (-0.019, 0.036)"
Endo,phecode_200,Disorders of thyroid gland,"0.643 (0.617, 0.669)","0.652 (0.626, 0.677)","0.009 (0, 0.019)"
Blood,phecode_177,Abnormality of the lymph nodes,"0.581 (0.544, 0.617)","0.59 (0.55, 0.628)","0.01 (-0.013, 0.03)"
Neuro,phecode_324-3,Dystonia,"0.545 (0.495, 0.602)","0.556 (0.504, 0.612)","0.01 (-0.036, 0.058)"
Signs/Symptoms,phecode_841,Drug and medical agent allergy,"0.576 (0.541, 0.609)","0.585 (0.556, 0.617)","0.01 (-0.002, 0.021)"
Cardio,phecode_417-1,Palpitations,"0.544 (0.516, 0.569)","0.553 (0.526, 0.58)","0.01 (-0.007, 0.024)"
Eye,phecode_363-2,Dry eye syndrome [Tear film insufficiency],"0.625 (0.597, 0.652)","0.635 (0.609, 0.66)","0.01 (-0.003, 0.023)"
Cardio,phecode_424,Heart failure,"0.708 (0.66, 0.759)","0.718 (0.67, 0.768)","0.01 (-0.011, 0.031)"
Neoplasms,phecode_138-2,Melanocytic nevi*,"0.538 (0.51, 0.565)","0.549 (0.52, 0.576)","0.01 (0.004, 0.016)"
Eye,phecode_371,Cataract,"0.728 (0.709, 0.748)","0.738 (0.721, 0.757)","0.01 (0.002, 0.018)"
Cardio,phecode_444-11,Varicose veins of lower extremities,"0.552 (0.514, 0.59)","0.563 (0.524, 0.601)","0.01 (0, 0.021)"
Hearing,phecode_395,Other diseases of inner ear,"0.593 (0.56, 0.625)","0.603 (0.571, 0.637)","0.01 (-0.001, 0.022)"
Derm,phecode_679,Skin symptoms,"0.524 (0.51, 0.539)","0.534 (0.52, 0.55)","0.01 (0.005, 0.016)"
Mental,phecode_283-8,Other problems related to lifestyle,"0.496 (0.479, 0.514)","0.507 (0.49, 0.524)","0.011 (0.001, 0.021)"
Signs/Symptoms,phecode_809-3,Pain in limb,"0.539 (0.523, 0.554)","0.549 (0.534, 0.565)","0.011 (-0.006, 0.027)"
Eye,phecode_375-6,Ocular hypertension,"0.629 (0.569, 0.691)","0.639 (0.582, 0.699)","0.011 (0.003, 0.019)"
Signs/Symptoms,phecode_802,Throat pain,"0.561 (0.521, 0.6)","0.571 (0.535, 0.607)","0.011 (-0.02, 0.037)"
Genitourinary,phecode_627-3,Postmenopausal atrophic vaginitis,"0.499 (0.465, 0.533)","0.509 (0.471, 0.551)","0.011 (-0.021, 0.043)"
Resp,phecode_462-2,Chronic sinusitis,"0.537 (0.508, 0.564)","0.549 (0.522, 0.575)","0.011 (-0.006, 0.028)"
Resp,phecode_488-6,Wheezing,"0.554 (0.521, 0.588)","0.565 (0.531, 0.6)","0.012 (-0.03, 0.055)"
Cardio,phecode_404-2,Coronary atherosclerosis [Atherosclerotic heart disease],"0.658 (0.61, 0.704)","0.67 (0.621, 0.717)","0.012 (-0.007, 0.03)"
Rx,phecode_969,Adverse effects of agents primarily affecting gastrointestinal system,"0.578 (0.554, 0.601)","0.59 (0.568, 0.611)","0.012 (0, 0.024)"
Musc/Skel,phecode_718,Back pain,"0.522 (0.507, 0.538)","0.534 (0.52, 0.548)","0.012 (0.004, 0.019)"
Resp,phecode_475,Asthma,"0.522 (0.488, 0.559)","0.534 (0.497, 0.571)","0.012 (-0.01, 0.034)"
Resp,phecode_463-5,Postnasal drip,"0.513 (0.468, 0.558)","0.525 (0.478, 0.574)","0.012 (-0.011, 0.037)"
GI,phecode_522-9,Gastritis,"0.565 (0.54, 0.595)","0.577 (0.55, 0.605)","0.012 (-0.012, 0.036)"
GI,phecode_507,Lesions of mouth,"0.6 (0.563, 0.639)","0.613 (0.573, 0.653)","0.012 (-0.007, 0.03)"
GI,phecode_510-2,Esophagitis,"0.539 (0.509, 0.568)","0.55 (0.522, 0.579)","0.013 (-0.011, 0.034)"
Genitourinary,phecode_614-52,Vaginitis and vulvovaginitis,"0.558 (0.514, 0.604)","0.571 (0.525, 0.617)","0.013 (-0.003, 0.029)"
Neuro,phecode_336,Mononeuropathies,"0.525 (0.498, 0.552)","0.538 (0.51, 0.565)","0.013 (-0.011, 0.035)"
Hearing,phecode_395-1,Labyrinthitis,"0.604 (0.572, 0.638)","0.617 (0.583, 0.652)","0.013 (-0.011, 0.035)"
Genitourinary,phecode_604,Disorders of penis,"0.525 (0.474, 0.575)","0.538 (0.484, 0.594)","0.013 (-0.066, 0.089)"
Neuro,phecode_333,Sleep disorders,"0.53 (0.507, 0.552)","0.543 (0.521, 0.567)","0.013 (-0.007, 0.035)"
Musc/Skel,phecode_722,Fasciopathy,"0.495 (0.475, 0.515)","0.509 (0.486, 0.531)","0.013 (-0.007, 0.033)"
ID,phecode_089-1,Bacterial infections,"0.549 (0.52, 0.58)","0.562 (0.532, 0.595)","0.014 (-0.024, 0.049)"
Eye,phecode_360-2,Chalazion,"0.511 (0.462, 0.562)","0.525 (0.475, 0.576)","0.014 (0, 0.029)"
Neuro,phecode_337,Polyneuropathies,"0.579 (0.527, 0.625)","0.593 (0.541, 0.643)","0.014 (-0.02, 0.049)"
Mental,phecode_280,Substance related disorders,"0.51 (0.475, 0.545)","0.525 (0.487, 0.56)","0.014 (-0.009, 0.038)"
Cardio,phecode_401-1,Essential hypertension,"0.625 (0.611, 0.64)","0.639 (0.624, 0.654)","0.014 (0.009, 0.019)"
Blood,phecode_181,Autoimmune disease,"0.566 (0.517, 0.613)","0.579 (0.533, 0.622)","0.014 (-0.005, 0.031)"
Musc/Skel,phecode_703-1,Hyperuricemia,"0.714 (0.686, 0.745)","0.729 (0.701, 0.757)","0.014 (0, 0.029)"
Metab,phecode_236,Overweight and obesity,"0.533 (0.509, 0.556)","0.546 (0.52, 0.572)","0.015 (-0.01, 0.038)"
Neuro,phecode_353,Symptoms and signs involving general sensations and perceptions,"0.553 (0.502, 0.609)","0.568 (0.518, 0.618)","0.015 (-0.009, 0.038)"
Signs/Symptoms,phecode_848-2,Nonspecific abnormal findings on radiological and other examination of other intrathoracic organs (echo),"0.678 (0.635, 0.72)","0.693 (0.65, 0.736)","0.015 (0.002, 0.027)"
Signs/Symptoms,phecode_848,Nonspecific abnormal findings of other body structures,"0.583 (0.555, 0.61)","0.598 (0.569, 0.628)","0.015 (-0.004, 0.035)"
Derm,phecode_682-11,Sebaceous cyst [Epidermal cyst],"0.483 (0.451, 0.515)","0.497 (0.467, 0.531)","0.015 (-0.01, 0.04)"
Musc/Skel,phecode_732,Nonspecific abnormal findings on radiological and other examination of musculoskeletal system,"0.62 (0.58, 0.658)","0.636 (0.597, 0.672)","0.016 (-0.007, 0.037)"
Musc/Skel,phecode_716,Intervertebral disc disorder,"0.501 (0.46, 0.548)","0.518 (0.47, 0.563)","0.016 (-0.036, 0.069)"
Signs/Symptoms,phecode_800-11,Pleurodynia*,"0.519 (0.474, 0.561)","0.535 (0.489, 0.581)","0.016 (-0.018, 0.054)"
GI,phecode_529-2,Abdominal distension and flatulence,"0.536 (0.505, 0.566)","0.551 (0.519, 0.583)","0.016 (-0.003, 0.035)"
Neuro,phecode_350,Other symptoms involving nervous system,"0.579 (0.548, 0.612)","0.596 (0.563, 0.628)","0.016 (0, 0.035)"
Endo,phecode_202-2,Type 2 diabetes,"0.596 (0.573, 0.62)","0.614 (0.591, 0.636)","0.017 (-0.004, 0.038)"
GI,phecode_506,Diseases of salivary glands,"0.539 (0.492, 0.588)","0.557 (0.512, 0.605)","0.017 (0, 0.035)"
Musc/Skel,phecode_718-3,Mid back pain,"0.611 (0.554, 0.666)","0.628 (0.573, 0.685)","0.017 (-0.013, 0.045)"
Cardio,phecode_404-11,Acute myocardial infarction,"0.649 (0.596, 0.7)","0.665 (0.615, 0.718)","0.017 (-0.009, 0.042)"
Hearing,phecode_397,Other hearing abnormality,"0.508 (0.476, 0.539)","0.525 (0.494, 0.556)","0.017 (-0.019, 0.056)"
Signs/Symptoms,phecode_831,Glycosuria,"0.609 (0.569, 0.649)","0.626 (0.586, 0.665)","0.018 (-0.007, 0.04)"
Derm,phecode_681,"Localized swelling, mass and lump of skin and subcutaneous tissue","0.542 (0.52, 0.563)","0.56 (0.539, 0.581)","0.018 (0.003, 0.032)"
Rx,phecode_977-41,Long term (current) use of inhaled steroids*,"0.547 (0.47, 0.628)","0.565 (0.487, 0.643)","0.018 (-0.001, 0.038)"
Hearing,phecode_390-1,Otitis externa,"0.497 (0.476, 0.518)","0.515 (0.492, 0.539)","0.018 (-0.009, 0.046)"
Metab,phecode_256,"Disorders of fluid, electrolyte and acid-base balance","0.535 (0.509, 0.561)","0.553 (0.527, 0.579)","0.018 (-0.005, 0.042)"
Musc/Skel,phecode_719-1,Cramp and spasm,"0.565 (0.526, 0.605)","0.584 (0.545, 0.622)","0.018 (-0.009, 0.045)"
Eye,phecode_374-42,Diabetic retinopathy,"0.614 (0.58, 0.647)","0.633 (0.598, 0.667)","0.019 (-0.011, 0.048)"
Musc/Skel,phecode_703-11,Gout,"0.715 (0.686, 0.744)","0.734 (0.705, 0.766)","0.019 (0.005, 0.034)"
Musc/Skel,phecode_721-1,Synovitis and tenosynovitis,"0.517 (0.493, 0.543)","0.535 (0.512, 0.56)","0.019 (0, 0.035)"
Resp,phecode_486-5,Abnormal sputum,"0.536 (0.508, 0.565)","0.555 (0.529, 0.587)","0.019 (-0.005, 0.045)"
Resp,phecode_464-1,Acute nasopharyngitis,"0.508 (0.458, 0.554)","0.526 (0.481, 0.572)","0.019 (-0.004, 0.043)"
Mental,phecode_283,Other behavioral problems,"0.499 (0.482, 0.515)","0.518 (0.502, 0.535)","0.019 (-0.001, 0.041)"
Resp,phecode_471,Other disorders of nose and nasal sinuses,"0.528 (0.498, 0.555)","0.547 (0.519, 0.575)","0.019 (-0.006, 0.043)"
GI,phecode_515,Heartburn and epigastric pain,"0.545 (0.517, 0.574)","0.565 (0.538, 0.59)","0.019 (-0.001, 0.04)"
Mental,phecode_281,"Substance abuse, dependence, and withdrawl","0.549 (0.521, 0.579)","0.568 (0.542, 0.594)","0.02 (0.001, 0.038)"
Resp,phecode_476,Bronchiectasis,"0.666 (0.612, 0.716)","0.686 (0.632, 0.74)","0.02 (-0.003, 0.042)"
Derm,phecode_682-12,Pilar and trichodermal cyst,"0.468 (0.438, 0.499)","0.487 (0.459, 0.519)","0.02 (-0.008, 0.045)"
Derm,phecode_686,Chronic ulcer of skin,"0.72 (0.667, 0.774)","0.741 (0.689, 0.796)","0.02 (-0.033, 0.078)"
Metab,phecode_256-7,Volume depletion,"0.661 (0.617, 0.703)","0.682 (0.636, 0.726)","0.02 (0, 0.041)"
Neoplasms,phecode_103-21,Basal cell carcinoma,"0.644 (0.613, 0.675)","0.665 (0.634, 0.696)","0.021 (0.013, 0.028)"
Derm,phecode_680-3,Xerosis cutis*,"0.579 (0.529, 0.632)","0.6 (0.548, 0.65)","0.021 (-0.013, 0.054)"
Mental,phecode_286-2,Major depressive disorder,"0.556 (0.532, 0.578)","0.577 (0.558, 0.602)","0.022 (0.005, 0.04)"
GI,phecode_511,Gastro-esophageal reflux disease,"0.523 (0.501, 0.544)","0.544 (0.523, 0.566)","0.022 (0.008, 0.035)"
Genitourinary,phecode_628,Ovarian cyst,"0.626 (0.547, 0.711)","0.649 (0.576, 0.728)","0.022 (0.006, 0.04)"
Neuro,phecode_336-1,Carpal tunnel syndrome,"0.546 (0.51, 0.579)","0.568 (0.535, 0.601)","0.022 (-0.014, 0.057)"
Mental,phecode_282-1,Current tobacco use and nicotine dependence,"0.6 (0.564, 0.635)","0.623 (0.587, 0.658)","0.023 (-0.001, 0.047)"
Mental,phecode_286,Mood [affective] disorders,"0.56 (0.537, 0.584)","0.583 (0.562, 0.607)","0.023 (0.005, 0.041)"
Cardio,phecode_443,Other specified disorders of arteries and arterioles,"0.651 (0.599, 0.704)","0.675 (0.622, 0.728)","0.024 (-0.013, 0.054)"
GI,phecode_529-5,Constipation,"0.573 (0.548, 0.597)","0.597 (0.574, 0.619)","0.024 (0.007, 0.04)"
Mental,phecode_281-1,Substance abuse,"0.583 (0.523, 0.645)","0.609 (0.545, 0.666)","0.025 (-0.007, 0.058)"
Cardio,phecode_404,Ischemic heart disease,"0.656 (0.627, 0.687)","0.682 (0.654, 0.711)","0.025 (0.008, 0.044)"
Resp,phecode_486,Other respiratory disorders,"0.542 (0.524, 0.562)","0.568 (0.55, 0.586)","0.026 (0.006, 0.045)"
Cardio,phecode_448,Peripheral vascular disease,"0.639 (0.588, 0.689)","0.664 (0.613, 0.716)","0.026 (-0.02, 0.065)"
GI,phecode_526-1,Bacterial enteritis,"0.515 (0.464, 0.565)","0.541 (0.486, 0.596)","0.026 (-0.018, 0.066)"
Metab,phecode_236-1,Obesity,"0.533 (0.508, 0.557)","0.559 (0.535, 0.584)","0.026 (-0.002, 0.051)"
GI,phecode_503-5,Periapical abscess,"0.538 (0.477, 0.597)","0.566 (0.5, 0.625)","0.026 (-0.044, 0.102)"
Resp,phecode_464,Nasopharyngitis,"0.505 (0.454, 0.552)","0.532 (0.484, 0.584)","0.028 (-0.017, 0.075)"
Cardio,phecode_404-1,Myocardial infarction [Heart attack],"0.641 (0.59, 0.694)","0.67 (0.62, 0.72)","0.028 (0.007, 0.049)"
Hearing,phecode_391-2,Eustachian tube disorders,"0.565 (0.533, 0.597)","0.592 (0.558, 0.624)","0.028 (0.006, 0.05)"
Endo,phecode_204-2,Impaired glucose tolerance (oral),"0.643 (0.612, 0.678)","0.673 (0.644, 0.703)","0.03 (0.005, 0.057)"
Mental,phecode_281-2,Substance dependence,"0.55 (0.524, 0.582)","0.581 (0.556, 0.609)","0.03 (0.006, 0.055)"
Mental,phecode_280-11,Alcohol abuse,"0.579 (0.515, 0.645)","0.609 (0.55, 0.67)","0.031 (-0.003, 0.063)"
Signs/Symptoms,phecode_841-1,Allergy to other anti-infective agents,"0.562 (0.518, 0.608)","0.595 (0.546, 0.644)","0.032 (0.012, 0.052)"
Cardio,phecode_413-1,Mitral valve disorders,"0.683 (0.627, 0.738)","0.715 (0.659, 0.766)","0.033 (0.008, 0.056)"
Hearing,phecode_398,Other disorders of ear,"0.525 (0.472, 0.576)","0.557 (0.508, 0.609)","0.033 (0.007, 0.058)"
Derm,phecode_685-8,Hyperhidrosis,"0.606 (0.562, 0.653)","0.638 (0.598, 0.679)","0.033 (-0.018, 0.083)"
Metab,phecode_247,Disorders of mineral metabolism and mineral deficiencies,"0.529 (0.493, 0.562)","0.564 (0.527, 0.598)","0.036 (-0.004, 0.072)"
Eye,phecode_374-4,Retinal disorders in diseases classified elsewhere,"0.615 (0.58, 0.651)","0.652 (0.621, 0.688)","0.038 (0.014, 0.062)"
GI,phecode_545,Nonspecific abnormal results of function study of liver,"0.566 (0.512, 0.618)","0.605 (0.558, 0.653)","0.039 (0.01, 0.068)"
Neuro,phecode_333-11,Obstructive sleep apnea,"0.577 (0.519, 0.636)","0.616 (0.554, 0.682)","0.039 (0, 0.083)"
Musc/Skel,phecode_723-1,Adhesive capsulitis of shoulder,"0.508 (0.468, 0.554)","0.547 (0.508, 0.592)","0.041 (0.008, 0.075)"
Neuro,phecode_351,Disturbances of skin sensation,"0.522 (0.499, 0.544)","0.563 (0.541, 0.583)","0.041 (0.019, 0.064)"
Neuro,phecode_333-1,Sleep apnea,"0.581 (0.531, 0.632)","0.62 (0.576, 0.669)","0.041 (0.012, 0.067)"
Signs/Symptoms,phecode_829-2,Abnormal level of blood mineral*,"0.522 (0.459, 0.581)","0.564 (0.497, 0.626)","0.041 (-0.02, 0.102)"
Genitourinary,phecode_625-1,Dyspareunia,"0.652 (0.591, 0.713)","0.693 (0.632, 0.757)","0.042 (0.008, 0.077)"
Musc/Skel,phecode_718-1,Radiculopathy,"0.571 (0.517, 0.623)","0.617 (0.564, 0.671)","0.046 (-0.002, 0.089)"
Endo,phecode_202-4,Other specified diabetes*,"0.626 (0.607, 0.645)","0.673 (0.652, 0.69)","0.046 (0.03, 0.064)"
Rx,phecode_977-72,Long term (current) use of oral hypoglycemic drugs,"0.627 (0.597, 0.658)","0.676 (0.647, 0.706)","0.05 (0.029, 0.071)"
Derm,phecode_683-1,Ingrowing nail,"0.524 (0.475, 0.576)","0.575 (0.521, 0.626)","0.05 (-0.009, 0.107)"
Neuro,phecode_351-3,Paresthesia of skin*,"0.466 (0.434, 0.501)","0.519 (0.485, 0.555)","0.052 (0.015, 0.092)"
Derm,phecode_660-4,Carbuncle and furuncle,"0.51 (0.456, 0.568)","0.565 (0.514, 0.616)","0.054 (-0.012, 0.12)"
Metab,phecode_232-4,Vitamin D deficiency,"0.57 (0.542, 0.594)","0.626 (0.597, 0.653)","0.055 (0.028, 0.084)"
GI,phecode_556-3,"Abdominal or pelvic swelling, mass, or lump","0.466 (0.41, 0.524)","0.522 (0.469, 0.577)","0.056 (0.001, 0.111)"
Neuro,phecode_336-5,Mononeuritis of lower limb,"0.558 (0.495, 0.612)","0.617 (0.555, 0.678)","0.059 (0.02, 0.1)"
GI,phecode_542-2,Fatty liver disease (FLD),"0.552 (0.512, 0.591)","0.611 (0.569, 0.651)","0.059 (0.009, 0.107)"
Mental,phecode_280-1,Alcohol use disorders,"0.512 (0.477, 0.549)","0.576 (0.539, 0.612)","0.064 (0.032, 0.092)"
Metab,phecode_232-2,Vitamin B group deficiency,"0.475 (0.437, 0.512)","0.537 (0.495, 0.58)","0.064 (0.026, 0.103)"
Rx,phecode_977-7,Long term (current) use of insulin or oral hypoglycemic drugs,"0.622 (0.589, 0.654)","0.686 (0.656, 0.717)","0.064 (0.033, 0.093)"
GI,phecode_502,Other diseases of teeth and supporting structures,"0.523 (0.467, 0.574)","0.59 (0.532, 0.647)","0.066 (-0.005, 0.136)"
Rx,phecode_977,Long term (current) drug therapy,"0.492 (0.472, 0.511)","0.561 (0.539, 0.58)","0.068 (0.04, 0.096)"
Mental,phecode_283-4,Patient's noncompliance with medical treatment and regimen,"0.505 (0.475, 0.54)","0.575 (0.542, 0.607)","0.069 (0.023, 0.115)"
Blood,phecode_164-1,Microcytic anemia,"0.534 (0.492, 0.577)","0.606 (0.566, 0.65)","0.073 (0.018, 0.124)"
Eye,phecode_374-3,Retinal vascular changes and occlusions,"0.622 (0.567, 0.677)","0.7 (0.645, 0.75)","0.077 (0.039, 0.117)"
Metab,phecode_232,Vitamin deficiencies,"0.518 (0.497, 0.54)","0.596 (0.573, 0.619)","0.077 (0.052, 0.104)"
Blood,phecode_164,Anemia,"0.58 (0.549, 0.61)","0.658 (0.631, 0.686)","0.078 (0.045, 0.107)"
Signs/Symptoms,phecode_832-5,Acetonuria,"0.522 (0.47, 0.576)","0.603 (0.551, 0.654)","0.08 (0.013, 0.146)"
Blood,phecode_160-1,Iron deficiency anemia,"0.532 (0.494, 0.575)","0.616 (0.575, 0.655)","0.083 (0.031, 0.134)"
Metab,phecode_247-72,Iron deficiency,"0.543 (0.506, 0.582)","0.635 (0.598, 0.681)","0.093 (0.043, 0.145)"
Musc/Skel,phecode_723-6,Impingement syndrome of shoulder*,"0.448 (0.408, 0.484)","0.547 (0.507, 0.585)","0.1 (0.052, 0.146)"
Blood,phecode_160,Nutritional anemias,"0.523 (0.483, 0.56)","0.641 (0.603, 0.683)","0.118 (0.066, 0.17)"
